[
  { "model": "products.categoria", "pk": 1, "fields": { "nombre": "Smartphones", "descripcion": "Celulares y smartphones" } },
  { "model": "products.categoria", "pk": 2, "fields": { "nombre": "Laptops", "descripcion": "Portátiles para estudio y trabajo" } },
  { "model": "products.categoria", "pk": 3, "fields": { "nombre": "PCs y Componentes", "descripcion": "Partes y armado" } },
  { "model": "products.categoria", "pk": 4, "fields": { "nombre": "Monitores", "descripcion": "Monitores FHD/2K/4K" } },
  { "model": "products.categoria", "pk": 5, "fields": { "nombre": "Periféricos", "descripcion": "Teclados, mouse y más" } },
  { "model": "products.categoria", "pk": 6, "fields": { "nombre": "Audio", "descripcion": "Audífonos y parlantes" } },
  { "model": "products.categoria", "pk": 7, "fields": { "nombre": "Gaming", "descripcion": "Consolas y accesorios" } },
  { "model": "products.categoria", "pk": 8, "fields": { "nombre": "Redes", "descripcion": "Routers y Wi-Fi mesh" } },
  { "model": "products.categoria", "pk": 9, "fields": { "nombre": "Almacenamiento", "descripcion": "SSD y HDD" } },
  { "model": "products.categoria", "pk": 10, "fields": { "nombre": "Smart Home", "descripcion": "Domótica y asistentes" } },
  { "model": "products.categoria", "pk": 11, "fields": { "nombre": "Impresoras y Escáneres", "descripcion": "Impresión en casa" } },
  { "model": "products.categoria", "pk": 12, "fields": { "nombre": "Tablets", "descripcion": "Tablets Android/iPad" } },
  { "model": "products.categoria", "pk": 13, "fields": { "nombre": "Wearables", "descripcion": "Relojes inteligentes" } },
  { "model": "products.categoria", "pk": 14, "fields": { "nombre": "Accesorios", "descripcion": "Cables, fundas, hubs" } },

  { "model": "products.marca", "pk": 1, "fields": { "nombre": "Apple" } },
  { "model": "products.marca", "pk": 2, "fields": { "nombre": "Samsung" } },
  { "model": "products.marca", "pk": 3, "fields": { "nombre": "Xiaomi" } },
  { "model": "products.marca", "pk": 4, "fields": { "nombre": "Lenovo" } },
  { "model": "products.marca", "pk": 5, "fields": { "nombre": "HP" } },
  { "model": "products.marca", "pk": 6, "fields": { "nombre": "Dell" } },
  { "model": "products.marca", "pk": 7, "fields": { "nombre": "ASUS" } },
  { "model": "products.marca", "pk": 8, "fields": { "nombre": "Acer" } },
  { "model": "products.marca", "pk": 9, "fields": { "nombre": "Sony" } },
  { "model": "products.marca", "pk": 10, "fields": { "nombre": "Logitech" } },
  { "model": "products.marca", "pk": 11, "fields": { "nombre": "Razer" } },
  { "model": "products.marca", "pk": 12, "fields": { "nombre": "Kingston" } },
  { "model": "products.marca", "pk": 13, "fields": { "nombre": "Seagate" } },
  { "model": "products.marca", "pk": 14, "fields": { "nombre": "Western Digital" } },
  { "model": "products.marca", "pk": 15, "fields": { "nombre": "TP-Link" } },
  { "model": "products.marca", "pk": 16, "fields": { "nombre": "Huawei" } },
  { "model": "products.marca", "pk": 17, "fields": { "nombre": "JBL" } },
  { "model": "products.marca", "pk": 18, "fields": { "nombre": "Epson" } },
  { "model": "products.marca", "pk": 19, "fields": { "nombre": "MSI" } },

  { "model": "products.product", "pk": 1,  "fields": { "categoria": 1,  "marca": 2,  "nombre": "Samsung Galaxy A35",         "descripcion": "6.6\" AMOLED, 8GB/256GB",                      "precio": "1299.00", "stock": 25, "imagen_url": "https://picsum.photos/seed/a35/600",     "imagenes": "[\"https://picsum.photos/seed/a35a/800\",\"https://picsum.photos/seed/a35b/800\"]", "activo": true } },
  { "model": "products.product", "pk": 2,  "fields": { "categoria": 1,  "marca": 3,  "nombre": "Xiaomi Redmi Note 13",      "descripcion": "AMOLED 120Hz, 8GB/256GB",                      "precio": "999.00",  "stock": 40, "imagen_url": "https://picsum.photos/seed/rn13/600",   "imagenes": "[]", "activo": true } },
  { "model": "products.product", "pk": 3,  "fields": { "categoria": 2,  "marca": 4,  "nombre": "Lenovo IdeaPad 3",          "descripcion": "Ryzen 5, 16GB RAM, 512GB SSD",                 "precio": "1999.00", "stock": 12, "imagen_url": "https://picsum.photos/seed/ip3/600",    "imagenes": "[]", "activo": true } },
  { "model": "products.product", "pk": 4,  "fields": { "categoria": 2,  "marca": 5,  "nombre": "HP 15s",                     "descripcion": "Intel i5 12va, 16GB, 512GB SSD",               "precio": "2399.00", "stock": 8,  "imagen_url": "https://picsum.photos/seed/hp15/600",   "imagenes": "[]", "activo": true } },
  { "model": "products.product", "pk": 5,  "fields": { "categoria": 4,  "marca": 7,  "nombre": "ASUS Monitor 27\" 2K",       "descripcion": "IPS 165Hz, 1ms, 2560x1440",                    "precio": "1290.00", "stock": 15, "imagen_url": "https://picsum.photos/seed/mon27/600",  "imagenes": "[]", "activo": true } },
  { "model": "products.product", "pk": 6,  "fields": { "categoria": 5,  "marca": 10, "nombre": "Logitech MX Keys",           "descripcion": "Teclado inalámbrico retroiluminado",           "precio": "499.00",  "stock": 30, "imagen_url": "https://picsum.photos/seed/mxkeys/600", "imagenes": "[]", "activo": true } },
  { "model": "products.product", "pk": 7,  "fields": { "categoria": 5,  "marca": 10, "nombre": "Logitech G502 Hero",         "descripcion": "Mouse gamer 25K DPI, 11 botones programables", "precio": "249.00",  "stock": 35, "imagen_url": "https://picsum.photos/seed/g502/600",   "imagenes": "[]", "activo": true } },
  { "model": "products.product", "pk": 8,  "fields": { "categoria": 6,  "marca": 17, "nombre": "JBL Tune 760NC",             "descripcion": "Audífonos inalámbricos con ANC",               "precio": "399.00",  "stock": 22, "imagen_url": "https://picsum.photos/seed/jbl760/600", "imagenes": "[]", "activo": true } },
  { "model": "products.product", "pk": 9,  "fields": { "categoria": 7,  "marca": 11, "nombre": "Razer Kaira X",              "descripcion": "Headset gaming multiplataforma",               "precio": "329.00",  "stock": 18, "imagen_url": "https://picsum.photos/seed/kairax/600", "imagenes": "[]", "activo": true } },
  { "model": "products.product", "pk": 10, "fields": { "categoria": 9,  "marca": 14, "nombre": "WD Blue 1TB SSD NVMe",       "descripcion": "PCIe 3.0, hasta 2400MB/s",                     "precio": "299.00",  "stock": 50, "imagen_url": "https://picsum.photos/seed/wd1tb/600",  "imagenes": "[]", "activo": true } },
  { "model": "products.product", "pk": 11, "fields": { "categoria": 8,  "marca": 15, "nombre": "TP-Link Archer AX55",       "descripcion": "Router Wi-Fi 6 AX3000",                        "precio": "389.00",  "stock": 20, "imagen_url": "https://picsum.photos/seed/ax55/600",   "imagenes": "[]", "activo": true } },
  { "model": "products.product", "pk": 12, "fields": { "categoria": 12, "marca": 2,  "nombre": "Samsung Galaxy Tab A9",     "descripcion": "10.9\", 4GB/64GB",                             "precio": "799.00",  "stock": 16, "imagen_url": "https://picsum.photos/seed/taba9/600",  "imagenes": "[]", "activo": true } },

  { "model": "products.product", "pk": 13, "fields": { "categoria": 6,  "marca": 1,  "nombre": "Apple AirPods Pro (2nd)",   "descripcion": "ANC, estuche USB-C",                           "precio": "1099.00", "stock": 14, "imagen_url": "https://picsum.photos/seed/airpodspro/600", "imagenes": "[]", "activo": true } },
  { "model": "products.product", "pk": 14, "fields": { "categoria": 6,  "marca": 9,  "nombre": "Sony WH-1000XM4",           "descripcion": "Over-ear ANC, 30h batería",                    "precio": "1299.00", "stock": 10, "imagen_url": "https://picsum.photos/seed/xm4/600",    "imagenes": "[]", "activo": true } },
  { "model": "products.product", "pk": 15, "fields": { "categoria": 5,  "marca": 10, "nombre": "Logitech C920 HD Pro",      "descripcion": "Webcam 1080p con micrófono estéreo",           "precio": "229.00",  "stock": 28, "imagen_url": "https://picsum.photos/seed/c920/600",   "imagenes": "[]", "activo": true } },
  { "model": "products.product", "pk": 16, "fields": { "categoria": 5,  "marca": 11, "nombre": "Razer BlackWidow V3",       "descripcion": "Teclado mecánico, switches Green",             "precio": "499.00",  "stock": 22, "imagen_url": "https://picsum.photos/seed/bw3/600",    "imagenes": "[]", "activo": true } },
  { "model": "products.product", "pk": 17, "fields": { "categoria": 9,  "marca": 12, "nombre": "Kingston NV2 1TB NVMe",     "descripcion": "SSD M.2 PCIe 4.0",                            "precio": "289.00",  "stock": 60, "imagen_url": "https://picsum.photos/seed/nv2/600",    "imagenes": "[]", "activo": true } },
  { "model": "products.product", "pk": 18, "fields": { "categoria": 9,  "marca": 13, "nombre": "Seagate Barracuda 2TB",     "descripcion": "HDD 3.5\" 7200 RPM",                           "precio": "279.00",  "stock": 35, "imagen_url": "https://picsum.photos/seed/barracuda/600","imagenes": "[]", "activo": true } },
  { "model": "products.product", "pk": 19, "fields": { "categoria": 9,  "marca": 14, "nombre": "WD My Passport 4TB",        "descripcion": "Disco externo portátil USB 3.0",              "precio": "449.00",  "stock": 26, "imagen_url": "https://picsum.photos/seed/mypassport/600","imagenes": "[]", "activo": true } },
  { "model": "products.product", "pk": 20, "fields": { "categoria": 8,  "marca": 15, "nombre": "TP-Link Deco M4 (2-Pack)",  "descripcion": "Sistema Wi-Fi Mesh AC1200",                    "precio": "559.00",  "stock": 18, "imagen_url": "https://picsum.photos/seed/decom4/600", "imagenes": "[]", "activo": true } },
  { "model": "products.product", "pk": 21, "fields": { "categoria": 13, "marca": 16, "nombre": "Huawei Watch GT 3",         "descripcion": "42mm, GPS, 2 semanas batería",                "precio": "899.00",  "stock": 20, "imagen_url": "https://picsum.photos/seed/gt3/600",    "imagenes": "[]", "activo": true } },
  { "model": "products.product", "pk": 22, "fields": { "categoria": 13, "marca": 1,  "nombre": "Apple Watch SE (2nd)",      "descripcion": "44mm, GPS",                                    "precio": "1399.00", "stock": 9,  "imagen_url": "https://picsum.photos/seed/watchse/600", "imagenes": "[]", "activo": true } },
  { "model": "products.product", "pk": 23, "fields": { "categoria": 12, "marca": 1,  "nombre": "iPad 10a Gen 64GB",         "descripcion": "10.9\" Liquid Retina, Wi-Fi",                  "precio": "1899.00", "stock": 7,  "imagen_url": "https://picsum.photos/seed/ipad10/600",  "imagenes": "[]", "activo": true } },
  { "model": "products.product", "pk": 24, "fields": { "categoria": 13, "marca": 3,  "nombre": "Xiaomi Smart Band 8",       "descripcion": "AMOLED 1.62\", 60Hz, sensores de salud",       "precio": "199.00",  "stock": 55, "imagen_url": "https://picsum.photos/seed/band8/600",  "imagenes": "[]", "activo": true } },
  { "model": "products.product", "pk": 25, "fields": { "categoria": 7,  "marca": 9,  "nombre": "DualSense PS5 Controller",  "descripcion": "Control inalámbrico con vibración háptica",    "precio": "349.00",  "stock": 24, "imagen_url": "https://picsum.photos/seed/dualsense/600","imagenes": "[]", "activo": true } },
  { "model": "products.product", "pk": 26, "fields": { "categoria": 7,  "marca": 9,  "nombre": "Sony PlayStation 5",        "descripcion": "Consola PS5 edición estándar",                 "precio": "3599.00", "stock": 5,  "imagen_url": "https://picsum.photos/seed/ps5/600",    "imagenes": "[]", "activo": true } },
  { "model": "products.product", "pk": 27, "fields": { "categoria": 2,  "marca": 7,  "nombre": "ASUS TUF Gaming F15",       "descripcion": "i7, RTX 4060, 16GB, 512GB SSD",                "precio": "4299.00", "stock": 6,  "imagen_url": "https://picsum.photos/seed/tuff15/600",  "imagenes": "[]", "activo": true } },
  { "model": "products.product", "pk": 28, "fields": { "categoria": 4,  "marca": 19, "nombre": "MSI Optix MAG274QRF-QD",    "descripcion": "27\" QHD, 165Hz, Rapid IPS",                    "precio": "1799.00", "stock": 9,  "imagen_url": "https://picsum.photos/seed/mag274/600",  "imagenes": "[]", "activo": true } },
  { "model": "products.product", "pk": 29, "fields": { "categoria": 2,  "marca": 6,  "nombre": "Dell XPS 13",               "descripcion": "i7, 16GB, 512GB SSD, 13.4\" FHD+",             "precio": "5499.00", "stock": 4,  "imagen_url": "https://picsum.photos/seed/xps13/600",   "imagenes": "[]", "activo": true } },
  { "model": "products.product", "pk": 30, "fields": { "categoria": 2,  "marca": 8,  "nombre": "Acer Nitro 5",              "descripcion": "Ryzen 7, RTX 4050, 16GB, 512GB",               "precio": "3699.00", "stock": 7,  "imagen_url": "https://picsum.photos/seed/nitro5/600",  "imagenes": "[]", "activo": true } },
  { "model": "products.product", "pk": 31, "fields": { "categoria": 10, "marca": 15, "nombre": "Kasa Smart Plug HS103P4",   "descripcion": "Enchufe inteligente Wi-Fi, pack x4",           "precio": "219.00",  "stock": 25, "imagen_url": "https://picsum.photos/seed/kasaplug/600","imagenes": "[]", "activo": true } },
  { "model": "products.product", "pk": 32, "fields": { "categoria": 10, "marca": 15, "nombre": "TP-Link Tapo L530E",        "descripcion": "Foco inteligente multicolor E27",              "precio": "89.00",   "stock": 70, "imagen_url": "https://picsum.photos/seed/tapol530/600","imagenes": "[]", "activo": true } },
  { "model": "products.product", "pk": 33, "fields": { "categoria": 11, "marca": 18, "nombre": "Epson EcoTank L3250",       "descripcion": "Multifuncional Wi-Fi, tanque de tinta",        "precio": "899.00",  "stock": 11, "imagen_url": "https://picsum.photos/seed/l3250/600",  "imagenes": "[]", "activo": true } },
  { "model": "products.product", "pk": 34, "fields": { "categoria": 3,  "marca": 7,  "nombre": "ASUS GeForce RTX 4060",     "descripcion": "8GB GDDR6, Dual",                              "precio": "1999.00", "stock": 13, "imagen_url": "https://picsum.photos/seed/rtx4060/600", "imagenes": "[]", "activo": true } },
  { "model": "products.product", "pk": 35, "fields": { "categoria": 3,  "marca": 5,  "nombre": "HP 27L Case + PSU",         "descripcion": "Case micro-ATX con fuente 500W",               "precio": "399.00",  "stock": 20, "imagen_url": "https://picsum.photos/seed/hpcase/600",  "imagenes": "[]", "activo": true } },
  { "model": "products.product", "pk": 36, "fields": { "categoria": 14, "marca": 10, "nombre": "Logitech USB-C Hub 6-en-1", "descripcion": "HDMI, USB-A x3, SD/MicroSD, PD",               "precio": "179.00",  "stock": 33, "imagen_url": "https://picsum.photos/seed/hub6/600",    "imagenes": "[]", "activo": true } },
  { "model": "products.product", "pk": 37, "fields": { "categoria": 5,  "marca": 10, "nombre": "Logitech G733 Lightspeed",  "descripcion": "Headset inalámbrico RGB",                      "precio": "599.00",  "stock": 17, "imagen_url": "https://picsum.photos/seed/g733/600",   "imagenes": "[]", "activo": true } },
  { "model": "products.product", "pk": 38, "fields": { "categoria": 4,  "marca": 8,  "nombre": "Acer Nitro VG271",          "descripcion": "27\" FHD 165Hz, FreeSync",                      "precio": "899.00",  "stock": 21, "imagen_url": "https://picsum.photos/seed/vg271/600",   "imagenes": "[]", "activo": true } },
  { "model": "products.product", "pk": 39, "fields": { "categoria": 8,  "marca": 15, "nombre": "TP-Link UE306",             "descripcion": "Adaptador USB 3.0 a Gigabit Ethernet",         "precio": "89.00",   "stock": 45, "imagen_url": "https://picsum.photos/seed/ue306/600",  "imagenes": "[]", "activo": true } },
  { "model": "products.product", "pk": 40, "fields": { "categoria": 1,  "marca": 1,  "nombre": "iPhone 13 128GB",           "descripcion": "6.1\" Super Retina XDR",                       "precio": "2799.00", "stock": 9,  "imagen_url": "https://picsum.photos/seed/iphone13/600","imagenes": "[]", "activo": true } }
]
